person_id,credit_score,nn_pred,nn_prob,account_amount,duration,credit_history,credit_purpose,credit_amount,savings_amount,employment_length,installment_rate,other_debtors,residence_length,property,age,installment_plans,housing,existing_credits,job,dependents,telephone,foreign_worker,personal_status,sex
0,1.0,False,0.2884084,0,18.0,2,4,3190.0,0,2,1,0,1,0,24.0,2,1,0,2,0,0,0,0,0
1,0.0,False,0.31110808,0,18.0,2,0,4380.0,1,2,2,0,3,2,35.0,2,1,0,1,1,1,0,1,1
2,0.0,False,0.34093264,0,24.0,1,0,2325.0,1,3,1,0,2,2,32.0,0,1,0,2,0,0,0,1,1
3,0.0,False,0.2651255,2,12.0,2,4,1297.0,0,2,2,0,3,0,23.0,2,0,0,2,0,0,0,0,1
4,0.0,False,0.3420012,3,33.0,4,1,7253.0,0,3,2,0,1,2,35.0,2,1,1,3,0,1,0,1,1
5,0.0,False,0.06411833,0,24.0,2,4,2384.0,0,4,3,0,3,0,64.0,0,0,0,1,0,0,0,1,1
6,0.0,False,0.049064234,2,6.0,2,3,2116.0,0,2,1,0,1,0,41.0,2,1,0,2,0,1,0,1,1
7,0.0,False,0.19829941,1,12.0,3,4,585.0,0,2,3,1,3,0,20.0,2,0,1,2,0,0,0,0,1
8,0.0,False,0.15696871,3,9.0,2,0,3577.0,1,2,0,2,1,0,26.0,2,0,0,2,1,0,1,1,1
9,0.0,False,0.39158386,3,27.0,3,1,8613.0,3,2,1,0,1,2,27.0,2,1,1,2,0,0,0,1,1
10,0.0,False,0.07309883,1,6.0,2,4,484.0,0,3,2,2,2,0,28.0,0,1,0,1,0,0,0,0,1
11,1.0,False,0.37618825,0,42.0,2,4,3965.0,0,1,3,0,2,2,34.0,2,1,0,2,0,0,0,1,1
12,0.0,False,0.18454891,3,24.0,2,4,1376.0,2,3,3,0,0,2,28.0,2,1,0,2,0,0,0,0,0
13,1.0,False,0.44077697,0,60.0,2,9,7297.0,0,4,3,1,3,3,36.0,2,0,0,2,0,0,0,1,1
14,1.0,False,0.44065034,1,60.0,2,7,6288.0,0,2,3,0,3,3,42.0,2,2,0,2,0,0,0,1,1
15,1.0,False,0.25227204,0,18.0,2,3,4153.0,0,2,1,1,2,2,42.0,2,1,0,2,0,0,0,1,1
16,0.0,False,0.12218602,3,15.0,4,1,3368.0,3,4,2,0,3,3,23.0,2,0,1,2,0,1,0,1,1
17,0.0,False,0.010085249,3,18.0,4,4,1098.0,0,0,3,0,3,2,65.0,2,1,1,0,0,0,0,0,0
18,1.0,False,0.42195794,0,18.0,4,3,2124.0,0,2,3,0,3,0,24.0,2,0,1,2,0,0,0,0,0
19,0.0,False,0.23763399,0,15.0,3,3,3643.0,0,4,0,0,3,1,27.0,2,1,1,1,0,0,0,0,0
20,0.0,False,0.36539334,3,48.0,4,1,8858.0,4,3,1,0,0,3,35.0,2,2,1,2,0,1,0,1,1
21,1.0,False,0.24677771,0,21.0,3,7,3414.0,0,1,1,0,0,1,26.0,2,1,1,2,0,0,0,1,1
22,0.0,False,0.31843385,3,18.0,4,4,6070.0,0,4,2,0,3,2,33.0,2,1,1,2,0,1,0,1,1
23,0.0,False,0.035411168,3,4.0,4,4,1503.0,0,3,1,0,0,0,42.0,2,1,1,1,1,0,0,1,1
24,0.0,False,0.06896279,3,9.0,4,4,3074.0,4,2,0,0,1,0,33.0,2,1,1,2,1,0,0,1,1
25,1.0,True,0.51385957,0,24.0,2,4,1823.0,0,0,3,0,1,2,30.0,1,1,0,3,1,0,0,1,1
26,0.0,False,0.49265096,1,36.0,2,4,2323.0,0,3,3,0,3,2,24.0,2,0,0,2,0,0,0,1,1
27,0.0,False,0.43544063,2,42.0,0,9,6289.0,0,1,1,0,0,1,33.0,2,1,1,2,0,0,0,0,1
28,0.0,False,0.4375696,3,36.0,4,1,10477.0,4,4,1,0,3,3,42.0,2,2,1,2,0,0,0,1,1
29,0.0,False,0.06940252,3,12.0,2,0,2859.0,4,0,3,0,3,3,38.0,2,1,0,3,0,1,0,1,1
30,0.0,False,0.2426639,1,13.0,4,4,882.0,0,1,3,2,3,0,23.0,2,1,1,2,0,0,0,1,1
31,0.0,False,0.061526287,2,12.0,2,4,1881.0,0,2,1,0,1,2,44.0,2,0,0,1,0,1,0,0,0
32,1.0,False,0.104421526,3,18.0,4,0,1530.0,0,2,2,0,1,1,32.0,0,1,1,2,0,0,0,1,1
33,0.0,False,0.10758869,2,6.0,4,0,1323.0,1,4,1,0,3,2,28.0,2,1,1,2,1,1,0,0,1
34,0.0,False,0.074655786,3,36.0,2,0,3079.0,4,2,3,0,3,0,36.0,2,1,0,2,0,0,0,1,1
35,0.0,False,0.097596906,1,24.0,2,1,2760.0,4,4,3,0,3,3,36.0,0,2,0,2,0,1,0,1,1
36,0.0,False,0.24274324,1,36.0,3,0,2862.0,1,4,3,0,2,3,30.0,2,2,0,2,0,0,0,1,1
37,0.0,False,0.030336907,3,12.0,2,0,2133.0,4,4,3,0,3,3,52.0,2,2,0,3,0,1,0,0,0
38,0.0,False,0.0830877,3,20.0,4,0,3485.0,4,1,1,0,3,0,44.0,2,1,1,2,0,1,0,0,1
39,1.0,False,0.42488343,0,36.0,4,3,6229.0,0,1,3,1,3,3,23.0,2,0,1,1,0,1,0,0,0
40,0.0,False,0.32305163,2,36.0,2,4,4473.0,0,4,3,0,1,2,31.0,2,1,0,2,0,0,0,1,1
41,0.0,False,0.018869903,3,12.0,4,7,2012.0,4,3,3,0,1,2,61.0,2,1,0,2,0,0,0,0,0
42,0.0,False,0.27750844,2,24.0,2,3,3749.0,0,1,1,0,3,2,26.0,2,1,0,2,0,0,0,0,0
43,0.0,False,0.09837361,3,30.0,4,4,2831.0,0,2,3,0,1,2,33.0,2,1,0,2,0,1,0,0,0
44,0.0,False,0.0801051,1,21.0,4,3,2745.0,3,3,2,0,1,2,32.0,2,1,1,2,0,1,0,1,1
45,0.0,False,0.053286888,0,12.0,2,3,1262.0,4,4,1,0,3,1,49.0,2,1,0,1,0,1,0,0,1
46,1.0,False,0.36635095,0,24.0,1,3,6872.0,0,1,1,0,0,1,55.0,0,1,0,2,0,1,0,0,1
47,1.0,False,0.26945767,1,9.0,2,3,918.0,0,2,3,0,0,1,30.0,2,1,0,2,0,0,0,0,0
48,1.0,False,0.10038034,2,12.0,1,9,609.0,0,1,3,0,0,0,26.0,2,1,0,0,0,0,0,0,0
49,0.0,False,0.12016724,3,4.0,2,3,601.0,0,1,0,0,2,0,23.0,2,0,0,1,1,0,0,0,0
50,1.0,False,0.49956813,0,24.0,2,3,3234.0,0,1,3,0,3,0,23.0,2,0,0,1,0,1,0,0,0
51,0.0,False,0.2930805,3,30.0,4,4,6742.0,4,3,1,0,2,1,36.0,2,1,1,2,0,0,0,1,1
52,0.0,False,0.19256036,0,24.0,2,4,1603.0,0,4,3,0,3,2,55.0,2,1,0,2,0,0,0,0,0
53,1.0,False,0.43965885,1,36.0,4,0,2820.0,0,1,3,0,3,2,27.0,2,1,1,2,0,0,0,0,1
54,0.0,False,0.061129045,1,12.0,4,1,1804.0,1,1,2,0,3,1,44.0,2,1,0,2,0,0,0,1,1
55,0.0,False,0.08135118,1,18.0,2,9,1913.0,3,1,2,0,2,0,36.0,0,1,0,2,0,1,0,0,1
56,0.0,False,0.18784226,0,6.0,4,0,3676.0,0,2,0,0,2,0,37.0,2,0,2,2,1,0,0,1,1
57,1.0,False,0.39380863,1,12.0,2,0,1295.0,0,1,2,0,0,2,25.0,2,0,0,2,0,0,0,0,0
58,0.0,False,0.29505152,0,12.0,2,7,1200.0,4,2,3,0,3,1,23.0,0,0,0,2,0,1,0,0,0
59,0.0,False,0.18850367,3,12.0,2,0,1101.0,0,2,2,0,1,0,27.0,2,1,1,2,0,1,0,0,1
60,0.0,False,0.273812,3,12.0,2,1,4675.0,4,1,0,0,3,2,20.0,2,0,0,2,0,0,0,0,0
61,1.0,False,0.18215486,1,36.0,3,0,2225.0,0,4,3,0,3,3,57.0,0,2,1,2,0,1,0,1,1
62,1.0,False,0.3543943,0,30.0,2,3,6350.0,4,4,3,0,3,1,31.0,2,1,0,2,0,0,0,1,1
63,0.0,False,0.014526804,3,12.0,2,1,1413.0,3,3,2,0,1,1,55.0,2,1,0,2,0,0,1,1,1
64,0.0,False,0.31330544,2,10.0,2,3,1275.0,0,1,3,0,1,1,23.0,2,1,0,2,0,0,0,0,0
65,0.0,False,0.15397345,1,24.0,2,4,2896.0,1,1,1,0,0,2,29.0,2,1,0,2,0,0,0,1,1
66,0.0,False,0.043974087,3,21.0,2,3,2241.0,0,4,3,0,1,0,50.0,2,1,1,2,0,0,0,1,1
67,0.0,False,0.44254762,0,18.0,2,4,2389.0,0,1,3,0,0,2,27.0,1,1,0,2,0,0,0,0,0
68,0.0,False,0.41941705,3,36.0,2,1,8133.0,0,2,0,0,1,1,30.0,0,1,0,2,0,0,0,0,0
69,1.0,False,0.08844459,2,18.0,2,3,2864.0,0,2,1,0,0,0,34.0,2,1,0,1,1,0,0,1,1
70,0.0,False,0.3562499,1,12.0,2,0,6078.0,0,3,1,0,1,2,32.0,2,1,0,2,0,0,0,1,1
71,0.0,False,0.011328976,1,6.0,2,4,368.0,4,4,3,0,3,1,38.0,2,1,0,2,0,0,0,1,1
72,0.0,False,0.016807208,0,12.0,4,4,385.0,0,3,3,0,2,0,58.0,2,1,3,1,0,1,0,0,0
73,0.0,False,0.36636138,1,10.0,1,4,1048.0,0,2,3,0,3,0,23.0,1,1,0,1,0,0,0,1,1
74,0.0,False,0.34913495,0,24.0,4,1,6419.0,0,4,1,0,3,3,44.0,2,2,1,3,1,1,0,0,0
75,1.0,False,0.15959518,0,24.0,3,4,1024.0,0,1,3,0,3,0,48.0,1,1,0,2,0,0,0,0,1
76,1.0,False,0.15246636,0,24.0,2,0,2303.0,0,4,3,1,0,0,45.0,2,1,0,2,0,0,0,1,1
77,0.0,False,0.093501054,1,9.0,2,4,458.0,0,2,3,0,2,0,24.0,2,1,0,2,0,0,0,1,1
78,1.0,False,0.04598179,0,12.0,4,3,2246.0,0,4,2,0,2,1,60.0,2,1,1,2,0,0,0,1,1
79,1.0,False,0.2192058,0,12.0,2,4,727.0,1,1,3,0,2,3,33.0,2,1,0,1,0,1,0,0,1
80,0.0,False,0.21763834,3,18.0,2,4,1453.0,0,1,2,0,0,0,26.0,2,1,0,2,0,0,0,0,0
81,0.0,False,0.11596567,3,12.0,2,4,2171.0,0,1,1,0,1,2,29.0,0,1,0,2,0,0,0,0,0
82,0.0,False,0.07023691,3,9.0,2,4,2697.0,0,2,0,0,1,0,32.0,2,1,0,2,1,0,0,1,1
83,0.0,False,0.28496107,1,12.0,2,0,1007.0,3,2,3,0,0,0,22.0,2,1,0,2,0,0,0,0,1
84,0.0,False,0.028468935,3,12.0,4,7,701.0,0,2,3,0,1,2,32.0,2,1,1,2,0,0,0,1,1
85,1.0,True,0.5350442,0,12.0,1,4,626.0,0,2,3,0,3,0,24.0,0,1,0,1,0,0,0,0,0
86,1.0,True,0.79801714,0,45.0,2,4,1845.0,0,2,3,0,3,3,23.0,2,2,0,2,0,1,0,1,1
87,1.0,True,0.65646595,1,60.0,2,0,14027.0,0,3,3,0,1,3,27.0,2,1,0,3,0,1,0,1,1
88,0.0,False,0.3434877,3,30.0,4,4,5771.0,0,3,3,0,1,2,25.0,2,1,1,2,0,0,0,0,0
89,0.0,False,0.12066927,3,24.0,2,0,1525.0,3,3,3,0,2,2,34.0,2,1,0,2,1,1,0,0,0
90,0.0,False,0.19360077,3,22.0,2,0,1283.0,4,3,3,0,3,1,25.0,2,0,0,2,0,0,0,0,0
91,0.0,False,0.040609032,3,6.0,2,4,518.0,0,2,2,0,0,0,29.0,2,1,0,2,0,0,0,0,0
92,1.0,False,0.42763162,0,48.0,0,3,7119.0,0,2,2,0,3,3,53.0,2,2,1,2,1,0,0,1,1
93,0.0,False,0.35335046,0,24.0,2,3,3021.0,0,2,1,0,1,0,24.0,2,0,0,1,0,0,0,0,1
94,0.0,False,0.05149506,3,48.0,4,1,2751.0,4,4,3,0,2,2,38.0,2,1,1,2,1,1,0,1,1
95,0.0,False,0.06930956,3,6.0,2,6,660.0,2,3,1,0,3,0,23.0,2,0,0,1,0,0,0,0,1
96,0.0,False,0.110165566,3,24.0,4,0,2463.0,1,3,3,0,2,1,27.0,2,1,1,2,0,1,0,0,1
97,0.0,False,0.3160687,0,18.0,2,0,2249.0,1,3,3,0,2,2,30.0,2,1,0,3,1,1,0,1,1
98,1.0,True,0.7113036,1,48.0,0,9,14421.0,0,2,1,0,1,2,25.0,2,1,0,2,0,1,0,1,1
99,1.0,False,0.24881995,0,18.0,4,0,3966.0,0,4,0,0,3,0,33.0,0,0,2,2,0,1,0,0,0
100,0.0,False,0.057494573,3,30.0,4,4,3077.0,4,4,2,0,1,2,40.0,2,1,1,2,1,1,0,1,1
101,1.0,False,0.20185785,1,9.0,2,3,959.0,0,2,0,0,1,2,29.0,2,1,0,2,0,0,1,0,0
102,1.0,False,0.13392591,2,9.0,2,4,745.0,0,2,2,0,1,0,28.0,2,1,0,1,0,0,0,0,0
103,0.0,False,0.06484174,3,24.0,4,4,2684.0,0,2,3,0,1,0,35.0,2,1,1,1,0,0,0,1,1
104,0.0,False,0.048270702,3,12.0,2,7,1393.0,0,4,3,0,3,1,47.0,0,1,2,2,1,1,0,1,1
105,0.0,False,0.22432168,0,18.0,4,4,1880.0,0,3,3,0,0,1,32.0,2,1,1,3,0,1,0,0,1
106,0.0,False,0.00876933,1,9.0,2,7,1199.0,0,3,3,0,3,1,67.0,2,1,1,3,0,1,0,0,0
107,0.0,False,0.1745393,1,24.0,2,3,3069.0,1,4,3,0,3,3,30.0,2,2,0,2,0,0,0,1,1
108,0.0,False,0.27963513,3,24.0,2,3,3972.0,0,3,1,0,3,1,25.0,2,0,0,2,0,1,0,0,0
109,1.0,True,0.7610348,0,6.0,2,0,14896.0,0,4,0,0,3,3,68.0,0,1,0,3,0,1,0,1,1
110,1.0,True,0.593097,0,36.0,2,4,2302.0,0,2,3,0,3,2,31.0,2,0,0,2,0,0,0,0,1
111,0.0,False,0.041343953,0,8.0,4,0,731.0,0,4,3,0,3,0,47.0,2,1,1,1,0,0,0,1,1
112,0.0,False,0.3846113,0,15.0,4,3,1433.0,0,2,3,0,2,1,25.0,2,0,1,2,0,0,0,0,0
113,0.0,False,0.0077032247,3,6.0,2,5,1338.0,2,2,0,0,3,0,62.0,2,1,0,2,0,0,0,0,1
114,0.0,False,0.3135832,1,18.0,4,3,1295.0,0,1,3,0,0,1,27.0,2,1,1,2,0,0,0,0,0
115,0.0,False,0.14279526,0,6.0,4,3,1872.0,0,0,3,0,3,3,36.0,2,2,2,3,0,1,0,1,1
116,1.0,False,0.39404973,1,18.0,4,0,884.0,0,4,3,0,3,2,36.0,0,1,0,2,1,1,0,1,1
117,1.0,False,0.05332317,3,24.0,3,0,2538.0,0,4,3,0,3,2,47.0,2,1,1,1,1,0,0,1,1
118,0.0,False,0.11749772,3,24.0,2,4,3105.0,4,1,3,0,1,2,25.0,2,1,1,2,0,0,0,1,1
119,0.0,False,0.338905,3,48.0,4,9,7629.0,4,4,3,0,1,2,46.0,0,1,1,3,1,0,0,0,1
120,0.0,False,0.14940408,0,12.0,4,0,2171.0,0,2,3,0,3,1,38.0,0,1,1,1,0,0,1,1,1
121,0.0,False,0.26328644,1,18.0,2,1,2779.0,0,2,0,0,2,2,21.0,2,0,0,2,0,1,0,0,1
122,0.0,False,0.2796867,0,9.0,4,4,1138.0,0,2,3,0,3,0,25.0,2,1,1,1,0,0,0,1,1
123,0.0,False,0.28941327,0,12.0,2,3,1657.0,0,2,1,0,1,0,27.0,2,1,0,2,0,0,0,1,1
124,1.0,False,0.06272675,1,21.0,2,9,2767.0,1,4,3,0,1,2,61.0,0,0,1,1,0,0,0,0,1
125,1.0,False,0.1302189,1,18.0,4,3,1928.0,0,1,1,0,1,0,31.0,2,1,1,1,0,0,0,1,1
126,1.0,False,0.363202,1,36.0,2,6,2384.0,0,1,3,0,0,3,33.0,2,0,0,1,0,0,0,1,1
127,0.0,False,0.02477657,3,9.0,4,7,1244.0,4,4,3,0,3,1,41.0,2,0,1,1,0,0,0,0,0
128,0.0,False,0.08698446,3,12.0,4,3,3331.0,0,4,1,0,3,1,42.0,1,1,0,2,0,0,0,1,1
129,0.0,False,0.027953194,3,24.0,4,7,1597.0,0,4,3,0,3,3,54.0,2,2,1,2,1,0,0,1,1
130,0.0,False,0.24979647,3,24.0,3,9,3863.0,0,2,0,0,1,3,32.0,2,2,0,2,0,0,0,1,1
131,1.0,False,0.021114146,0,12.0,2,4,709.0,0,4,3,0,3,0,57.0,1,1,0,1,0,0,0,1,1
132,1.0,False,0.09820078,1,15.0,2,4,802.0,0,4,3,0,2,2,37.0,2,1,0,2,1,0,0,1,1
133,0.0,False,0.104605794,3,12.0,2,3,1736.0,0,3,2,0,3,0,31.0,2,1,0,1,0,0,0,0,0
134,0.0,False,0.10582759,0,6.0,2,0,662.0,0,1,2,0,3,0,41.0,2,1,0,1,1,1,0,1,1
135,0.0,False,0.08353533,3,6.0,1,0,783.0,4,2,0,2,1,0,26.0,1,1,0,1,1,0,0,1,1
136,1.0,False,0.46687415,0,21.0,2,4,1835.0,0,2,2,0,1,0,25.0,2,1,1,2,0,1,0,0,0
137,0.0,False,0.022921093,1,6.0,4,8,932.0,4,3,0,0,2,1,39.0,2,1,1,1,0,0,0,0,0
138,0.0,False,0.15488048,0,6.0,2,3,1374.0,0,2,0,0,1,0,36.0,0,1,0,1,0,1,0,1,1
139,0.0,False,0.12602104,0,8.0,4,2,1164.0,0,4,2,0,3,3,51.0,0,2,1,3,1,1,0,1,1
140,1.0,False,0.31882605,0,48.0,4,1,6143.0,0,4,3,0,3,3,58.0,1,2,1,1,0,0,0,0,0
141,0.0,False,0.13175091,3,6.0,0,0,1204.0,1,2,3,0,0,3,35.0,0,0,0,2,0,0,1,1,1
142,1.0,False,0.08141592,1,6.0,1,7,433.0,3,1,3,0,1,1,24.0,0,0,0,2,1,0,0,0,0
143,0.0,False,0.04210884,3,12.0,2,3,1574.0,0,2,3,0,1,0,50.0,2,1,0,2,0,0,0,1,1
144,0.0,False,0.372672,1,36.0,4,1,5800.0,0,2,2,0,3,2,34.0,2,1,1,2,0,1,0,1,1
145,1.0,False,0.27650717,0,24.0,1,9,3161.0,0,2,3,0,1,1,31.0,2,0,0,2,0,1,0,1,1
146,0.0,False,0.22608624,1,8.0,2,9,907.0,0,1,2,0,1,0,26.0,2,1,0,2,0,1,0,0,1
147,0.0,False,0.19696803,3,12.0,1,8,3447.0,2,2,3,0,2,0,35.0,2,1,0,1,1,0,0,0,0
148,1.0,False,0.20460926,0,36.0,2,3,2712.0,0,4,1,0,1,1,41.0,0,1,0,2,1,0,0,1,1
149,1.0,False,0.49018332,0,24.0,2,4,1938.0,0,1,3,0,2,1,32.0,2,1,0,2,0,0,0,0,1
150,0.0,False,0.06773455,3,24.0,4,4,1851.0,0,3,3,2,1,2,33.0,2,1,1,2,0,1,0,0,1
151,0.0,False,0.16544367,1,24.0,2,0,3512.0,1,3,1,0,2,2,38.0,0,1,1,2,0,1,0,1,1
152,0.0,False,0.044979732,1,18.0,3,9,2427.0,4,4,3,0,1,1,42.0,2,1,1,2,0,0,0,1,1
153,1.0,False,0.07054315,0,18.0,4,6,1190.0,0,0,1,0,3,3,55.0,2,2,2,0,1,0,0,0,0
154,0.0,False,0.08614198,3,10.0,2,0,1546.0,0,2,2,0,1,0,31.0,2,1,0,1,1,0,1,1,1
155,0.0,False,0.15027602,1,12.0,2,3,3017.0,0,1,2,0,0,0,34.0,2,0,0,3,0,0,0,0,0
156,0.0,False,0.14026876,1,9.0,2,0,276.0,0,2,3,0,3,0,22.0,2,0,0,1,0,0,0,0,1
157,0.0,False,0.069998115,3,12.0,4,0,926.0,0,0,0,0,1,1,38.0,2,1,0,0,0,0,0,0,0
158,0.0,False,0.18922797,1,9.0,2,9,1391.0,0,2,1,0,0,0,27.0,0,1,0,2,0,1,0,0,1
159,1.0,False,0.24171458,1,24.0,2,3,4057.0,0,3,2,0,2,2,43.0,2,1,0,2,0,1,0,0,1
160,1.0,False,0.22918868,1,6.0,1,0,931.0,1,1,0,0,0,1,32.0,1,1,0,1,0,0,0,0,0
161,0.0,False,0.076903135,3,10.0,2,1,2901.0,4,1,0,0,3,0,31.0,2,0,0,2,0,0,0,0,0
162,1.0,False,0.076017685,0,12.0,2,7,684.0,0,2,3,0,3,2,40.0,2,0,0,1,1,0,0,1,1
163,0.0,False,0.41175702,0,48.0,2,7,7476.0,0,3,3,0,0,3,50.0,2,2,0,3,0,1,0,1,1
164,0.0,False,0.16503535,3,15.0,2,3,2221.0,2,2,1,0,3,2,20.0,2,0,0,2,0,0,0,0,0
165,1.0,False,0.24974544,0,12.0,4,0,4843.0,0,4,2,1,3,1,43.0,2,0,1,2,0,1,0,1,1
166,0.0,False,0.052694548,3,18.0,2,3,2515.0,0,2,2,0,3,0,43.0,2,1,0,2,0,1,0,1,1
167,0.0,False,0.20280986,0,12.0,2,0,3651.0,3,2,0,0,2,1,31.0,2,1,0,2,1,0,0,1,1
168,0.0,False,0.05633688,2,4.0,2,0,1494.0,4,1,0,0,1,0,29.0,2,1,0,1,1,0,1,1,1
169,0.0,False,0.37681442,1,48.0,2,2,5381.0,4,0,2,0,3,3,40.0,0,2,0,0,0,1,0,1,1
170,0.0,False,0.115787566,2,12.0,2,4,3399.0,4,4,1,0,2,2,37.0,2,1,0,3,0,0,0,1,1
171,0.0,False,0.10772117,0,15.0,4,3,1478.0,0,4,3,0,3,2,44.0,2,1,1,2,1,1,0,1,1
172,0.0,False,0.083564736,1,6.0,3,9,1449.0,1,4,0,0,1,2,31.0,0,1,1,2,1,0,0,0,1
173,0.0,False,0.067844294,1,24.0,4,4,1743.0,0,4,3,0,1,1,48.0,2,1,1,1,0,0,0,1,1
174,0.0,False,0.08034371,3,12.0,2,4,3077.0,0,2,1,0,3,2,52.0,2,1,0,2,0,1,0,1,1
175,0.0,False,0.13467489,3,6.0,2,3,1766.0,0,2,0,0,1,1,21.0,2,0,0,2,0,0,0,0,1
176,0.0,False,0.102629445,1,9.0,2,3,2030.0,4,3,1,0,0,2,24.0,2,1,0,2,0,1,0,1,1
177,0.0,False,0.009649771,3,11.0,4,4,1154.0,1,0,3,0,3,0,57.0,2,1,2,1,0,0,0,0,0
178,0.0,False,0.31036133,0,20.0,4,3,4272.0,0,4,0,0,3,1,24.0,2,1,1,2,0,0,0,0,0
179,1.0,True,0.50495285,1,72.0,2,4,5595.0,1,2,1,0,1,2,24.0,2,1,0,2,0,0,0,0,1
180,0.0,False,0.100226715,0,12.0,4,0,2122.0,0,2,2,0,1,0,39.0,2,0,1,1,1,0,1,1,1
181,0.0,False,0.28170675,3,24.0,4,9,4139.0,1,2,2,0,2,1,27.0,2,1,1,1,0,1,0,1,1
182,0.0,False,0.022243211,3,7.0,3,4,846.0,4,4,2,0,3,3,36.0,2,2,0,2,0,0,0,1,1
183,0.0,False,0.07767565,3,15.0,4,7,1532.0,1,2,3,0,2,2,31.0,2,1,0,2,0,0,0,0,0
184,0.0,False,0.23210114,1,21.0,2,3,3976.0,4,3,1,0,2,2,35.0,2,1,0,2,0,1,0,1,1
185,1.0,False,0.008111447,1,12.0,2,4,766.0,2,2,3,0,2,0,66.0,2,1,0,1,0,0,0,1,1
186,1.0,True,0.5020326,1,24.0,2,0,1246.0,0,1,3,0,1,0,23.0,1,1,0,1,0,0,0,1,1
187,0.0,False,0.052265413,3,12.0,2,9,1542.0,0,3,1,0,3,2,36.0,2,1,0,2,0,1,0,1,1
188,0.0,False,0.06708251,3,24.0,2,3,929.0,4,3,3,0,1,2,31.0,1,1,0,2,0,1,0,1,1
189,0.0,False,0.08835594,3,15.0,2,1,3029.0,0,3,1,0,1,2,33.0,2,1,0,2,0,0,0,1,1
190,1.0,False,0.0774393,3,18.0,2,3,1533.0,0,1,3,1,0,1,43.0,2,1,0,1,1,0,0,0,1
191,0.0,False,0.35540852,1,48.0,3,9,6681.0,4,2,3,0,3,3,38.0,2,2,0,2,1,1,0,1,1
192,1.0,False,0.37076825,1,12.0,2,0,888.0,0,4,3,0,3,2,41.0,0,1,0,1,1,0,0,1,1
193,1.0,False,0.26522702,1,18.0,3,3,4297.0,0,4,3,0,2,3,40.0,2,1,0,3,0,1,0,0,1
194,1.0,False,0.027092092,2,30.0,3,9,1908.0,0,4,3,0,3,0,66.0,2,1,0,3,0,1,0,1,1
195,0.0,False,0.13109076,3,24.0,2,4,3235.0,2,4,2,0,1,2,26.0,2,1,0,3,0,1,0,0,1
196,1.0,False,0.43838742,1,60.0,2,0,7408.0,1,1,3,0,1,1,24.0,2,1,0,3,0,0,0,0,0
197,0.0,False,0.44072986,0,24.0,2,9,6568.0,0,2,1,0,1,2,21.0,1,1,0,1,0,0,0,0,1
198,0.0,False,0.34574687,0,24.0,1,1,3632.0,0,2,0,2,3,2,22.0,0,0,0,2,0,0,1,0,0
199,0.0,False,0.44010475,3,54.0,0,1,9436.0,4,2,1,0,1,1,39.0,2,1,0,1,1,0,0,1,1
200,1.0,False,0.3596729,0,60.0,3,9,6836.0,0,4,2,0,3,3,63.0,2,1,1,2,0,1,0,1,1
201,1.0,False,0.07930915,2,21.0,4,7,2319.0,0,1,1,0,0,2,33.0,2,0,0,2,0,0,0,0,1
202,0.0,False,0.027455797,3,6.0,2,1,1236.0,2,2,1,0,3,1,50.0,2,0,0,2,0,0,0,1,1
203,1.0,False,0.30092436,3,21.0,0,0,5003.0,4,2,0,0,3,1,29.0,0,1,1,2,0,1,0,0,0
204,0.0,False,0.164665,3,12.0,2,4,886.0,4,2,3,0,1,2,21.0,2,1,0,2,0,0,0,0,0
205,1.0,True,0.61750513,0,24.0,2,0,1442.0,0,3,3,0,3,2,23.0,2,0,1,2,0,0,0,0,0
206,0.0,False,0.0804569,3,6.0,2,3,2978.0,2,2,0,0,1,2,32.0,2,1,0,2,0,1,0,1,1
207,1.0,False,0.2346103,0,24.0,2,3,2359.0,1,0,0,0,0,1,33.0,2,1,0,2,0,0,0,0,1
208,1.0,False,0.21717589,0,24.0,2,3,2996.0,4,2,1,0,3,2,20.0,2,1,0,2,0,0,0,0,1
209,0.0,False,0.20490846,3,18.0,4,3,3780.0,0,1,2,0,1,2,35.0,2,1,1,3,0,1,0,0,1
210,0.0,False,0.22521724,3,27.0,2,6,5190.0,4,4,3,0,3,1,48.0,2,1,3,2,1,1,0,1,1
211,0.0,False,0.39679086,1,36.0,2,4,4795.0,0,1,3,0,0,3,30.0,2,1,0,3,0,1,0,0,0
212,1.0,False,0.24248073,0,12.0,1,0,697.0,0,1,3,0,1,2,46.0,0,1,1,2,0,1,0,1,1
213,1.0,False,0.3059973,3,18.0,0,9,4165.0,0,2,1,0,1,2,36.0,1,1,1,2,1,0,0,1,1
214,0.0,False,0.30902296,0,14.0,2,0,3973.0,0,0,0,0,3,3,22.0,2,2,0,2,0,0,0,1,1
215,1.0,False,0.06338879,3,18.0,4,7,1864.0,1,2,3,0,1,0,30.0,2,1,1,2,0,0,0,0,0
216,0.0,False,0.015344398,2,6.0,4,7,1047.0,0,2,1,0,3,1,50.0,2,1,0,1,0,0,0,0,0
217,1.0,False,0.061704986,3,18.0,2,4,433.0,0,0,2,1,3,0,22.0,2,0,0,2,0,0,0,0,0
218,0.0,False,0.25150374,1,36.0,2,7,3711.0,4,2,1,0,1,2,27.0,2,1,0,2,0,0,0,0,1
219,0.0,False,0.29053617,1,9.0,2,4,1206.0,0,4,3,0,3,0,25.0,2,1,0,2,0,0,0,0,0
220,0.0,False,0.053941235,3,6.0,2,3,1543.0,3,2,3,0,1,0,33.0,2,1,0,2,0,0,0,0,1
221,0.0,False,0.105739236,3,4.0,4,0,3380.0,0,3,0,0,0,0,37.0,2,1,0,2,1,0,0,0,0
222,0.0,False,0.020868158,2,24.0,2,4,1258.0,2,2,2,0,2,2,57.0,2,1,0,1,0,0,0,0,0
223,0.0,False,0.08516678,3,12.0,2,4,2073.0,1,2,3,1,1,0,28.0,2,1,0,2,0,0,0,0,0
224,0.0,False,0.3891033,0,21.0,2,4,2606.0,0,1,3,0,3,1,28.0,2,0,0,3,0,1,0,0,0
225,0.0,False,0.029173585,3,12.0,4,7,2096.0,0,3,1,0,2,0,49.0,2,1,0,1,1,0,0,1,1
226,0.0,False,0.012555841,3,12.0,4,0,1255.0,0,4,3,0,3,0,61.0,2,1,1,1,0,0,0,1,1
227,0.0,False,0.15721695,3,9.0,2,5,1236.0,0,1,0,0,3,0,23.0,2,0,0,2,0,1,0,0,0
228,0.0,False,0.091628246,3,24.0,2,4,1278.0,0,4,3,0,0,0,36.0,2,1,0,3,0,1,0,1,1
229,0.0,False,0.01404104,0,6.0,2,0,1374.0,4,0,3,0,2,1,75.0,2,1,0,3,0,1,0,0,0
230,0.0,False,0.20178093,2,10.0,2,0,3949.0,0,1,0,2,0,1,37.0,2,1,0,1,1,0,0,1,1
231,0.0,False,0.03213761,3,12.0,2,0,2390.0,4,4,3,0,2,2,50.0,2,1,0,2,0,1,0,1,1
232,0.0,False,0.4464208,1,24.0,2,0,1201.0,0,1,3,0,0,1,26.0,2,1,0,2,0,0,0,1,1
233,0.0,False,0.105222635,3,15.0,4,3,2788.0,0,3,1,1,2,2,24.0,0,1,1,2,0,0,0,0,0
234,0.0,False,0.0058264853,3,12.0,4,9,1264.0,4,4,3,0,3,3,57.0,2,0,0,1,0,0,0,1,1
235,0.0,False,0.33228096,0,24.0,2,3,4020.0,0,2,1,0,1,2,27.0,1,1,0,2,0,0,0,1,1
236,0.0,False,0.03708083,3,9.0,2,0,2507.0,2,4,1,0,3,3,51.0,2,2,0,1,0,0,0,1,1
237,1.0,False,0.057856638,3,24.0,2,4,2397.0,2,4,2,0,1,2,35.0,0,1,1,2,0,1,0,1,1
238,1.0,False,0.3061035,1,27.0,2,9,3915.0,0,2,3,0,1,2,36.0,2,1,0,2,1,1,0,1,1
239,1.0,True,0.5640091,3,48.0,4,1,11590.0,1,2,1,0,3,2,24.0,0,0,1,1,0,0,0,0,0
240,0.0,False,0.40256825,0,42.0,2,3,7882.0,0,3,1,2,3,1,45.0,2,2,0,2,1,0,0,1,1
241,0.0,False,0.055332758,3,12.0,4,0,1495.0,0,4,3,0,0,0,38.0,2,1,1,1,1,0,0,1,1
242,0.0,False,0.033615045,3,24.0,2,0,2255.0,4,1,3,0,0,1,54.0,2,1,0,2,0,0,0,1,1
243,0.0,False,0.09612508,1,9.0,2,0,1549.0,4,1,3,0,1,0,35.0,2,1,0,0,0,0,0,1,1
244,0.0,False,0.28158128,3,30.0,2,1,4811.0,4,3,1,0,3,1,24.0,1,0,0,1,0,0,0,0,0
245,0.0,False,0.064499535,1,14.0,2,9,1410.0,2,4,0,0,1,0,35.0,2,1,0,2,0,1,0,0,1
246,0.0,False,0.0685128,3,5.0,2,9,3448.0,0,3,0,0,3,0,74.0,2,1,0,1,0,0,0,1,1
247,0.0,False,0.22722217,1,11.0,3,4,4771.0,0,3,1,0,3,1,51.0,2,1,0,2,0,0,0,1,1
248,0.0,False,0.069148496,0,10.0,2,4,2315.0,0,4,2,0,3,0,52.0,2,1,0,1,0,0,0,1,1
249,0.0,True,0.5006493,0,48.0,2,1,4788.0,0,3,3,0,2,1,26.0,2,1,0,2,1,0,0,1,1
250,0.0,False,0.15562996,3,18.0,2,9,1568.0,1,2,2,0,3,1,24.0,2,0,0,1,0,0,0,0,0
251,0.0,False,0.11050789,3,15.0,1,4,1569.0,1,4,3,0,3,2,34.0,0,1,0,1,1,0,0,1,1
252,1.0,False,0.43530086,0,40.0,4,7,5998.0,0,2,3,0,2,3,27.0,0,1,0,2,0,1,0,1,1
253,0.0,False,0.06905811,3,18.0,4,4,1169.0,4,2,3,0,2,1,29.0,2,1,1,2,0,1,0,1,1
254,1.0,False,0.080429435,1,12.0,2,0,1223.0,0,4,0,0,0,0,46.0,2,0,1,2,0,0,0,0,1
255,0.0,False,0.1716112,0,18.0,2,3,2659.0,3,2,3,0,1,2,28.0,2,1,0,2,0,0,0,1,1
256,0.0,False,0.016065257,3,6.0,4,4,700.0,4,4,3,0,3,3,36.0,2,2,1,2,0,0,0,1,1
257,0.0,False,0.06688937,3,10.0,2,1,2848.0,1,2,0,1,1,0,32.0,2,1,0,2,1,0,0,1,1
258,1.0,False,0.43959072,0,9.0,2,4,1366.0,0,1,2,0,3,1,22.0,2,0,0,2,0,0,0,0,0
259,0.0,False,0.41317573,3,36.0,2,7,9055.0,4,2,1,0,3,3,35.0,2,2,0,1,1,1,0,1,1
260,1.0,False,0.49719763,0,24.0,2,4,1987.0,0,2,1,0,3,0,21.0,2,0,0,1,1,0,0,1,1
261,0.0,False,0.073666394,0,24.0,2,1,2924.0,0,2,2,2,3,3,63.0,0,1,0,2,1,1,0,1,1
262,0.0,False,0.114299715,1,18.0,2,9,2622.0,1,2,3,0,3,2,34.0,2,1,0,2,0,0,0,1,1
263,0.0,False,0.29603156,3,36.0,4,9,6304.0,4,4,3,0,3,0,36.0,2,1,1,2,0,0,0,1,1
264,1.0,False,0.3081995,3,36.0,3,4,4463.0,0,2,3,0,1,2,26.0,2,1,1,3,0,1,0,1,1
265,0.0,False,0.33285794,3,36.0,2,9,7409.0,4,4,2,0,1,1,37.0,2,1,1,2,0,0,0,1,1
266,0.0,False,0.00851681,3,24.0,3,0,717.0,4,4,3,0,3,2,54.0,2,1,1,2,0,1,0,0,1
267,0.0,False,0.085422575,0,20.0,2,3,2212.0,4,3,3,0,3,2,39.0,2,1,0,2,0,1,0,1,1
268,1.0,False,0.39591986,0,18.0,1,3,1553.0,0,2,3,0,2,2,44.0,0,1,0,2,0,0,0,1,1
269,1.0,True,0.68024087,1,18.0,2,1,12976.0,0,0,2,0,3,3,38.0,2,2,0,3,0,1,0,0,0
270,0.0,False,0.061290383,3,12.0,4,4,1934.0,0,4,1,0,1,3,26.0,2,1,1,2,0,0,0,1,1
271,1.0,False,0.31464553,0,33.0,4,3,4281.0,2,2,0,0,3,2,23.0,2,1,1,2,0,0,0,0,0
272,1.0,False,0.079204515,0,16.0,4,0,2625.0,0,4,1,2,3,1,43.0,0,0,0,2,0,1,0,1,1
273,0.0,False,0.046900976,0,6.0,4,0,666.0,3,3,2,0,3,0,39.0,2,1,1,1,0,1,0,0,0
274,0.0,False,0.1956797,3,24.0,2,1,3488.0,1,3,2,0,3,2,23.0,2,1,0,2,0,0,0,0,0
275,1.0,False,0.3730678,1,30.0,4,0,5234.0,0,0,3,0,1,2,28.0,2,1,1,3,0,0,0,0,1
276,0.0,False,0.07147459,3,6.0,4,4,1382.0,0,2,0,0,0,2,28.0,2,1,1,2,0,1,0,0,0
277,1.0,False,0.23302409,3,36.0,2,3,3349.0,0,2,3,0,1,2,28.0,2,1,0,3,0,1,0,0,0
278,0.0,False,0.022182455,3,15.0,2,4,1213.0,2,4,3,0,2,1,47.0,1,1,0,2,0,1,0,1,1
279,1.0,False,0.4493021,1,12.0,2,0,836.0,1,1,3,0,1,1,23.0,0,1,0,1,0,0,0,0,0
280,0.0,False,0.3964814,0,12.0,2,3,1289.0,0,2,3,2,0,1,21.0,2,1,0,1,0,0,0,1,1
281,0.0,False,0.18168616,3,12.0,4,3,1258.0,0,1,1,0,3,1,22.0,2,0,1,1,0,0,0,0,0
282,0.0,False,0.113349006,0,30.0,2,4,2522.0,0,4,0,2,2,1,39.0,2,1,0,2,1,0,0,1,1
283,0.0,False,0.09691149,3,12.0,2,9,1076.0,0,2,1,0,1,0,26.0,2,1,0,2,0,1,1,0,1
284,0.0,False,0.15062012,3,36.0,2,4,3835.0,4,4,1,0,3,0,45.0,2,1,0,1,0,1,0,0,0
285,0.0,False,0.13778198,3,18.0,2,4,1505.0,0,2,3,0,1,3,32.0,2,2,0,3,0,1,0,1,1
286,1.0,True,0.5693027,0,30.0,2,3,2406.0,0,3,3,0,3,0,23.0,2,0,0,2,0,0,0,0,0
287,1.0,False,0.023061847,1,15.0,3,6,1512.0,3,2,2,0,2,1,61.0,1,1,1,2,0,0,0,0,1
288,1.0,False,0.41123337,0,12.0,2,3,7865.0,0,4,3,0,3,3,53.0,2,2,0,3,0,1,0,1,1
289,0.0,False,0.22299604,1,18.0,4,9,3590.0,0,0,2,0,2,2,40.0,2,1,2,0,1,1,0,0,1
290,1.0,False,0.2868627,0,24.0,1,3,3349.0,2,1,3,0,3,3,30.0,2,2,0,2,1,1,0,1,1
291,1.0,False,0.33822852,0,18.0,2,1,7511.0,4,4,0,0,3,1,51.0,2,2,0,2,1,1,0,1,1
292,0.0,False,0.35628852,0,36.0,2,1,5493.0,0,4,1,0,3,3,42.0,2,2,0,2,1,0,0,1,1
293,0.0,False,0.06475088,3,18.0,2,9,1950.0,0,3,3,0,0,2,34.0,1,1,1,2,0,1,0,1,1
294,0.0,False,0.088058084,2,12.0,3,0,2247.0,0,2,1,0,1,2,36.0,1,1,1,2,0,1,0,0,0
295,0.0,False,0.13438524,3,33.0,3,9,2764.0,0,2,1,0,1,2,26.0,2,1,1,2,0,1,0,0,0
296,1.0,False,0.34074774,1,30.0,3,4,1919.0,1,1,3,0,2,3,30.0,1,1,1,3,0,0,0,1,1
297,0.0,False,0.15441084,3,9.0,2,3,1313.0,0,4,0,0,3,2,20.0,2,1,0,2,0,0,0,1,1
298,0.0,False,0.38719988,1,36.0,2,1,6948.0,0,2,1,0,1,2,35.0,2,0,0,3,0,1,0,1,1
299,1.0,False,0.47597024,0,12.0,2,3,1282.0,0,2,1,0,3,2,20.0,2,0,0,2,0,0,0,0,0
